(Do Not Modify) Workplans,(Do Not Modify) Row Checksum,(Do Not Modify) Modified On,Name,Domain,Programme,Programme Element,Programme Component,Activity Code,Activity Name,Activity Description,Programme Legal,Decimal Associated Costs Percentage
fb3f95e2-490e-f011-998b-6045bddd5948,q7EZ7vROU7wPd5UdGJ1gJ+ixdAO/1H+46meiFCi2z+txWdYOilX4MP+9V3VUbs3j48Am95HXdoxna1QUstZuzA==,31/03/2025 16:07,,domain,programme,element,component,activitycode,activityname,activitycode activityname,"In accordance with Article 2.1 of Appendix 1 to the Implementing Rules for the ScaleUp Programme (ESA/C/CCCX/Rules 6, attached to ESA/C(2022)208), the Delegation of {{Member_State}} hereby requests that the Agency implement the following activity, within the maximum funding authorised below:",17.67
fd3f95e2-490e-f011-998b-6045bddd5948,t1irUMENQnZ7Jmbgc0Lcbuy284vA6PihXANnjgpixSAZ1aDoAEDnvE7NDB+vy8E8nDXGLjFsmaDjlejyh2EtuA==,31/03/2025 16:07,,Commercialisation,Invest,ScaleUp,Business Growth,SU1-BG-01 (13),R-Space,description,"In accordance with Article 2.1 of Appendix 1 to the Implementing Rules for the ScaleUp Programme (ESA/C/CCCX/Rules 6, attached to ESA/C(2022)208), the Delegation of {{Member_State}} hereby requests that the Agency implement the following activity, within the maximum funding authorised below:",17.67
ff3f95e2-490e-f011-998b-6045bddd5948,LsEkKd9BwVhgIn3erOP7UWKPUzYa59957uZ+nbWdaKcAKktOnUd4vlbSPz5WgFzPLsHY33l1OhU7qkUOJ3YWDw==,31/03/2025 16:08,,Commercialisation,Invest,ScaleUp,Business Growth,SU1-BG-01,ISAR Aerospace,description,"In accordance with Article 2.1 of Appendix 1 to the Implementing Rules for the ScaleUp Programme (ESA/C/CCCX/Rules 6, attached to ESA/C(2022)208), the Delegation of {{Member_State}} hereby requests that the Agency implement the following activity, within the maximum funding authorised below:",17.67
014095e2-490e-f011-998b-6045bddd5948,tgG8PKf+4BsBt8Rk7dn8mYAd2t/ZJ7Q1R7XL7+XkUZOX1EByJwHHp7AaWZPj9j+f+gG9K2ZT+MzLJqW/LJdfOg==,31/03/2025 16:08,,Commercialisation,Invest,ScaleUp,Business Growth,SU1-BG-02,Constellr,SU1-BG-02 Constellr,"In accordance with Article 2.1 of Appendix 1 to the Implementing Rules for the ScaleUp Programme (ESA/C/CCCX/Rules 6, attached to ESA/C(2022)208), the Delegation of {{Member_State}} hereby requests that the Agency implement the following activity, within the maximum funding authorised below:",17.67
034095e2-490e-f011-998b-6045bddd5948,KVYhD5NkQITsrpjoqNOTwPTCiB9g2+7DB3zxJ+gmoWdzPx1DXZae8rzHmcubTh3N9YpY6tQ3xRb4Ud//mLahdw==,31/03/2025 16:08,,Commercialisation,Invest,ScaleUp,Business Growth,SU1-BG-03,Vyoma (+Exolaunch),SU1-BG-03 Vyoma (+Exolaunch),"In accordance with Article 2.1 of Appendix 1 to the Implementing Rules for the ScaleUp Programme (ESA/C/CCCX/Rules 6, attached to ESA/C(2022)208), the Delegation of {{Member_State}} hereby requests that the Agency implement the following activity, within the maximum funding authorised below:",17.67
054095e2-490e-f011-998b-6045bddd5948,sKbDP52Qlb+FSKywQK7GKV+Ft33EzCvWoDRFgy61j1klgP29olHjxPoYuHm1u0HU3qAB+gvhUR7rW2RbHWG4jw==,31/03/2025 16:08,,Commercialisation,Invest,ScaleUp,Business Growth,SU1-BG-04,Aerospace lab - Xona,SU1-BG-04 Aerospace lab - Xona,"In accordance with Article 2.1 of Appendix 1 to the Implementing Rules for the ScaleUp Programme (ESA/C/CCCX/Rules 6, attached to ESA/C(2022)208), the Delegation of {{Member_State}} hereby requests that the Agency implement the following activity, within the maximum funding authorised below:",17.67
074095e2-490e-f011-998b-6045bddd5948,4WKVU+7Qg6rPCIgtl7I4fHbi196J+sD3lybFNKEAwBBlp4rB8kkKQkinHIjqkSMfdS5FnriOemmoGD+Tqoa8Fw==,31/03/2025 16:08,,Commercialisation,Invest,ScaleUp,Business Growth,SU1-BG-05,Dcubed (+Exotrail),SU1-BG-05 Dcubed (+Exotrail),"In accordance with Article 2.1 of Appendix 1 to the Implementing Rules for the ScaleUp Programme (ESA/C/CCCX/Rules 6, attached to ESA/C(2022)208), the Delegation of {{Member_State}} hereby requests that the Agency implement the following activity, within the maximum funding authorised below:",17.67
094095e2-490e-f011-998b-6045bddd5948,m3L884U8ZGemjT+D1oZPgsDXgM8x+uiatq//jUz7jePPuNLnsJalE5+x0Ay7xAESvb2Xu3a+ICnaO3w+c6/quw==,31/03/2025 16:08,,Commercialisation,Invest,ScaleUp,Business Growth,SU1-BG-06,Sat:io (+Vyoma),SU1-BG-06 Sat:io (+Vyoma),"In accordance with Article 2.1 of Appendix 1 to the Implementing Rules for the ScaleUp Programme (ESA/C/CCCX/Rules 6, attached to ESA/C(2022)208), the Delegation of {{Member_State}} hereby requests that the Agency implement the following activity, within the maximum funding authorised below:",17.67
0b4095e2-490e-f011-998b-6045bddd5948,QlOhigay7X1GNDA8nV/pLBVAIDUFg6t6JN5ZRwZT64274VzPqLgNE3wDQB4y4OutWUpwdLSTeUEZ8EKSdSsXAw==,31/03/2025 16:08,,Commercialisation,Invest,ScaleUp,Business Growth,SU1-BG-07,SatVu,SU1-BG-07 SatVu,"In accordance with Article 2.1 of Appendix 1 to the Implementing Rules for the ScaleUp Programme (ESA/C/CCCX/Rules 6, attached to ESA/C(2022)208), the Delegation of {{Member_State}} hereby requests that the Agency implement the following activity, within the maximum funding authorised below:",17.67
0d4095e2-490e-f011-998b-6045bddd5948,U4vXmpt87NLWleePe32dghGtXuFv51auCvp90O6BWsETJO0xin9kuM0RIwiIxOaTjTcmAy+RVx2wAahiXVi66w==,31/03/2025 16:08,,Commercialisation,Invest,ScaleUp,Business Growth,SU1-BG-08,Exobotics (+SpaceLocker0,SU1-BG-08 Exobotics (+SpaceLocker0,"In accordance with Article 2.1 of Appendix 1 to the Implementing Rules for the ScaleUp Programme (ESA/C/CCCX/Rules 6, attached to ESA/C(2022)208), the Delegation of {{Member_State}} hereby requests that the Agency implement the following activity, within the maximum funding authorised below:",17.67
0f4095e2-490e-f011-998b-6045bddd5948,GWgvINQ3Rx3GoppONeUWS4g62S/u/hJSQCitzwXXV6aQtsd5qFxbpU3vAokRXwz+ByoUpltKLAR9/kg29fB+GQ==,31/03/2025 16:08,,Commercialisation,Invest,ScaleUp,Business Growth,SU1-BG-09,Aerospace Lab,SU1-BG-09 Aerospace Lab,"In accordance with Article 2.1 of Appendix 1 to the Implementing Rules for the ScaleUp Programme (ESA/C/CCCX/Rules 6, attached to ESA/C(2022)208), the Delegation of {{Member_State}} hereby requests that the Agency implement the following activity, within the maximum funding authorised below:",17.67
114095e2-490e-f011-998b-6045bddd5948,and0kvJQkFCQkY/0xXRJ7jCD7t0vefwzsLE8bPvjfoBgVa7826rFJySGEAAWsv+cvt3Mwb0Ckk+t8BwllyDZ2Q==,31/03/2025 16:08,,Commercialisation,Invest,ScaleUp,Business Growth,SU1-BG-10,Aerospace lab - Vyoma,SU1-BG-10 Aerospace lab - Vyoma,"In accordance with Article 2.1 of Appendix 1 to the Implementing Rules for the ScaleUp Programme (ESA/C/CCCX/Rules 6, attached to ESA/C(2022)208), the Delegation of {{Member_State}} hereby requests that the Agency implement the following activity, within the maximum funding authorised below:",17.67
134095e2-490e-f011-998b-6045bddd5948,P1Ja2/YQ0rxV3uPS3QGrTTxF4zh5PYrPgN6vGrynQcE37B4cv0wzYnRNhzS4QCuhkO5MH7o2r8UT65N+9bJ6Dg==,31/03/2025 16:09,,Commercialisation,Invest,ScaleUp,Business Growth,SU1-BG-11,Magdrive (+D-Orbit),SU1-BG-11 Magdrive (+D-Orbit),"In accordance with Article 2.1 of Appendix 1 to the Implementing Rules for the ScaleUp Programme (ESA/C/CCCX/Rules 6, attached to ESA/C(2022)208), the Delegation of {{Member_State}} hereby requests that the Agency implement the following activity, within the maximum funding authorised below:",17.67
154095e2-490e-f011-998b-6045bddd5948,gRqEgP4owBCn/CkQD+M/KATRg+IUIO4V5gcL5829YQZCfGBD3OPc6hKMFg20jVGOzXMdyhO7i9QFGgAhhqCJUQ==,31/03/2025 16:09,,Commercialisation,Invest,ScaleUp,Business Growth,SU1-BG-12,Archangel,SU1-BG-12 Archangel,"In accordance with Article 2.1 of Appendix 1 to the Implementing Rules for the ScaleUp Programme (ESA/C/CCCX/Rules 6, attached to ESA/C(2022)208), the Delegation of {{Member_State}} hereby requests that the Agency implement the following activity, within the maximum funding authorised below:",17.67
174095e2-490e-f011-998b-6045bddd5948,tRHWvhMpWY2zbvRUPHXoaV96kkdhqs1c0Wyr8O99nwxE9aKzYDVFiskswzgQGlTGMlnQvONrCdhYc1X9KfrUiQ==,31/03/2025 16:09,,Commercialisation,Invest,ScaleUp,Business Growth,SU1-BG-13,Yuri,SU1-BG-13 Yuri,"In accordance with Article 2.1 of Appendix 1 to the Implementing Rules for the ScaleUp Programme (ESA/C/CCCX/Rules 6, attached to ESA/C(2022)208), the Delegation of {{Member_State}} hereby requests that the Agency implement the following activity, within the maximum funding authorised below:",17.67
194095e2-490e-f011-998b-6045bddd5948,kQVodr2bLw8cbuUXzM90ZxpbDBfqtX5Vjn5oJ9Lp+gUxfXsn1r5Q4rSXf7rOKGGr5y/26w3cIdbTbtuuX5xU4w==,31/03/2025 16:09,,Commercialisation,Invest,ScaleUp,Business Growth,SU1-BG-15,SPIN,SU1-BG-15 SPIN,"In accordance with Article 2.1 of Appendix 1 to the Implementing Rules for the ScaleUp Programme (ESA/C/CCCX/Rules 6, attached to ESA/C(2022)208), the Delegation of {{Member_State}} hereby requests that the Agency implement the following activity, within the maximum funding authorised below:",17.67
1b4095e2-490e-f011-998b-6045bddd5948,inEXI27HCHbrYNN2JC9Nc8weeGyCsPLntBuVsA3VjOC5h2uXaY462bkGDxY2WYaZ1LHjEyS0arlMNUWlBhAhBA==,31/03/2025 16:09,,Commercialisation,Invest,ScaleUp,Business Growth,SU1-BG-16,Open Cosmos,SU1-BG-16 Open Cosmos,"In accordance with Article 2.1 of Appendix 1 to the Implementing Rules for the ScaleUp Programme (ESA/C/CCCX/Rules 6, attached to ESA/C(2022)208), the Delegation of {{Member_State}} hereby requests that the Agency implement the following activity, within the maximum funding authorised below:",17.67
1d4095e2-490e-f011-998b-6045bddd5948,8tLZ3vXfv/2vQhF68QtNeAuzFtW2W7Ga86ew/+kfQxsz8wZyV9c2R64Y9UDY3tlW8BmXKFw4TWB6TuxWpFfqhg==,31/03/2025 16:09,,Commercialisation,Invest,ScaleUp,Business Growth,SU1-BG-OC,Open call on IOV/IOV,SU1-BG-OC Open call on IOV/IOV,"In accordance with Article 2.1 of Appendix 1 to the Implementing Rules for the ScaleUp Programme (ESA/C/CCCX/Rules 6, attached to ESA/C(2022)208), the Delegation of {{Member_State}} hereby requests that the Agency implement the following activity, within the maximum funding authorised below:",17.67
1f4095e2-490e-f011-998b-6045bddd5948,q42F9TrRkJvqZtatdZRDkfAsZpWMlINQNILk6nlizNqlbz8ytnRslOrJQIJUqC0vrgEVFAzijDON4Px1QbMupQ==,31/03/2025 16:09,,Commercialisation,Innovate,ScaleUp,BIC,SU1-BIC-01,BIC Belgium 2024-2027,SU1-BIC-01 BIC Belgium 2024-2027,"In accordance with Article 2.1 of Appendix 1 to the Implementing Rules for the ScaleUp Programme (ESA/C/CCCX/Rules 6, attached to ESA/C(2022)208), the Delegation of {{Member_State}} hereby requests that the Agency implement the following activity, within the maximum funding authorised below:",17.67
214095e2-490e-f011-998b-6045bddd5948,kCNz1fCa7F+9SSRYMvL0uTm1s/CgxehKpNahV1R55cVRUydEIL+f8TS655NTwfWDCBE6K1zlXgIQQOWrckA8OQ==,31/03/2025 16:09,,Commercialisation,Innovate,ScaleUp,BIC,SU1-BIC-02,BIC Lithuania 2028-2031,SU1-BIC-02 BIC Lithuania 2028-2031,"In accordance with Article 2.1 of Appendix 1 to the Implementing Rules for the ScaleUp Programme (ESA/C/CCCX/Rules 6, attached to ESA/C(2022)208), the Delegation of {{Member_State}} hereby requests that the Agency implement the following activity, within the maximum funding authorised below:",17.67
234095e2-490e-f011-998b-6045bddd5948,hVKmASS2yzUratyOsQ/RbCjP9iLTuSXPIFkYjLMk5xUPfm3uRFIvltu87MbpDii4iAXWV5fLCTGbI7CYQic+5w==,31/03/2025 16:09,,Commercialisation,Innovate,ScaleUp,BIC,SU1-BIC-03,BIC extension Estonia 2024-2026,SU1-BIC-03 BIC extension Estonia 2024-2026,"In accordance with Article 2.1 of Appendix 1 to the Implementing Rules for the ScaleUp Programme (ESA/C/CCCX/Rules 6, attached to ESA/C(2022)208), the Delegation of {{Member_State}} hereby requests that the Agency implement the following activity, within the maximum funding authorised below:",17.67
254095e2-490e-f011-998b-6045bddd5948,HUjWhUhyl5Vu2OqEMEvSSvqtYJbE9fMoNg8Cs5JmRyO9EklRItDdZ1lJ8bmAlwv14oHoz/UeOlZMcvJ1QunwUw==,31/03/2025 16:10,,Commercialisation,Innovate,ScaleUp,BIC,SU1-BIC-04,BIC extension Denmark 2025-2029,SU1-BIC-04 BIC extension Denmark 2025-2029,"In accordance with Article 2.1 of Appendix 1 to the Implementing Rules for the ScaleUp Programme (ESA/C/CCCX/Rules 6, attached to ESA/C(2022)208), the Delegation of {{Member_State}} hereby requests that the Agency implement the following activity, within the maximum funding authorised below:",17.67
274095e2-490e-f011-998b-6045bddd5948,MuYSFYndAjHwbMo1fTEvQkIfsUCZoPJwJdGaQ38mnTij84ZxpaYASY4y28/G76G4X8lHFiKf+/lEXs/PmS6xbg==,31/03/2025 16:10,,Commercialisation,Innovate,ScaleUp,BIC,SU1-BIC-05,BIC Finland 2024-2027,SU1-BIC-05 BIC Finland 2024-2027,"In accordance with Article 2.1 of Appendix 1 to the Implementing Rules for the ScaleUp Programme (ESA/C/CCCX/Rules 6, attached to ESA/C(2022)208), the Delegation of {{Member_State}} hereby requests that the Agency implement the following activity, within the maximum funding authorised below:",17.67
294095e2-490e-f011-998b-6045bddd5948,MjERly+9SDyceyo+LxscgtSytKI38tLp02swxSbRZuRClyL1RXuyjpO3ttDwVM2bTQAV9pWsk5imlAszeJDksQ==,31/03/2025 16:10,,Commercialisation,Innovate,ScaleUp,BIC,SU1-BIC-05A,Management support 2023 Finland,SU1-BIC-05A Management support 2023 Finland,"In accordance with Article 2.1 of Appendix 1 to the Implementing Rules for the ScaleUp Programme (ESA/C/CCCX/Rules 6, attached to ESA/C(2022)208), the Delegation of {{Member_State}} hereby requests that the Agency implement the following activity, within the maximum funding authorised below:",17.67
2b4095e2-490e-f011-998b-6045bddd5948,fb3orysUA9UF61mmT4CJzDAReMZwZsv8/Hwmy1dmDkpT8no3H0edjmJWiLuF2qBLfthBGC1B9SQaC0dcD/Pl2A==,31/03/2025 16:10,,Commercialisation,Innovate,ScaleUp,BIC,SU1-BIC-06,BIC extension Norway 2024-2027,SU1-BIC-06 BIC extension Norway 2024-2027,"In accordance with Article 2.1 of Appendix 1 to the Implementing Rules for the ScaleUp Programme (ESA/C/CCCX/Rules 6, attached to ESA/C(2022)208), the Delegation of {{Member_State}} hereby requests that the Agency implement the following activity, within the maximum funding authorised below:",17.67
2d4095e2-490e-f011-998b-6045bddd5948,wtGXN8s+HILjGWKRWO6YPSaPX9pSlOuhPaVpDm1KiVzYmzjJM3GG8HTO1c4yijCjVOTPzSpMXZQWsQQcIZZCQQ==,31/03/2025 16:10,,Commercialisation,Innovate,ScaleUp,BIC,SU1-BIC-06,BIC extension Norway 2024-2027 Top Up,SU1-BIC-06 BIC extension Norway 2024-2027 Top Up,"In accordance with Article 2.1 of Appendix 1 to the Implementing Rules for the ScaleUp Programme (ESA/C/CCCX/Rules 6, attached to ESA/C(2022)208), the Delegation of {{Member_State}} hereby requests that the Agency implement the following activity, within the maximum funding authorised below:",17.67
2f4095e2-490e-f011-998b-6045bddd5948,1OSD+YkXeI5KmxDrXFY8fSu7BHS3cSmhpnTdG1joNz+CImxiFL9I1eIx0rvaPqghB+PLlTs8bKdjdKsqUtZkcw==,31/03/2025 16:10,,Commercialisation,Innovate,ScaleUp,BIC,SU1-BIC-07,BIC extension Noordwijk 2024-2027,SU1-BIC-07 BIC extension Noordwijk 2024-2027,"In accordance with Article 2.1 of Appendix 1 to the Implementing Rules for the ScaleUp Programme (ESA/C/CCCX/Rules 6, attached to ESA/C(2022)208), the Delegation of {{Member_State}} hereby requests that the Agency implement the following activity, within the maximum funding authorised below:",17.67
314095e2-490e-f011-998b-6045bddd5948,/OzdwRy5v7USeZb99Iz4K9rNVZ5ZHWfjFln1Y60xBAlPxxzvitRDs3bw/WuLHrZ/GfjPbyTEBLGnEMl6PgSn4A==,31/03/2025 16:11,,Commercialisation,Innovate,ScaleUp,BIC,SU1-BIC-08,BIC extension Sud-France 2024-2028,SU1-BIC-08 BIC extension Sud-France 2024-2028,"In accordance with Article 2.1 of Appendix 1 to the Implementing Rules for the ScaleUp Programme (ESA/C/CCCX/Rules 6, attached to ESA/C(2022)208), the Delegation of {{Member_State}} hereby requests that the Agency implement the following activity, within the maximum funding authorised below:",17.67
334095e2-490e-f011-998b-6045bddd5948,j9npD59816sJ5dIIbLDLVb/PaXfvwJbOIHMYjA3Trbl/OBo/eOINPIA0cjML3IiZT/7j2iJZoBYgTX+DNx4gzA==,31/03/2025 16:11,,Commercialisation,Innovate,ScaleUp,BIC,SU1-BIC-09,BIC extension Nord-France 2024-2026,SU1-BIC-09 BIC extension Nord-France 2024-2026,"In accordance with Article 2.1 of Appendix 1 to the Implementing Rules for the ScaleUp Programme (ESA/C/CCCX/Rules 6, attached to ESA/C(2022)208), the Delegation of {{Member_State}} hereby requests that the Agency implement the following activity, within the maximum funding authorised below:",17.67
354095e2-490e-f011-998b-6045bddd5948,EtPgOs+oZqQYSniuxGQ+VJms/fe43QaWAdrzEohPfVI93UWZxeX7uChKsJMWQG5yIKhmGiXXhx9hFDksKh1paw==,31/03/2025 16:11,,Commercialisation,Innovate,ScaleUp,BIC,SU1-BIC-10,BIC extension Austria (CCN),SU1-BIC-10 BIC extension Austria (CCN),"In accordance with Article 2.1 of Appendix 1 to the Implementing Rules for the ScaleUp Programme (ESA/C/CCCX/Rules 6, attached to ESA/C(2022)208), the Delegation of {{Member_State}} hereby requests that the Agency implement the following activity, within the maximum funding authorised below:",17.67
374095e2-490e-f011-998b-6045bddd5948,KSvuPkNahtLhZ5fxDdouH2R57rxVPkc0TzG+fTURCbMuYdxqH8slibYVwNBsxP+TUe4BJA0vR8DNuKUT2QE38g==,31/03/2025 16:11,,Commercialisation,Innovate,ScaleUp,BIC,SU1-BIC-11,BIC extension UK (CCN),SU1-BIC-11 BIC extension UK (CCN),"In accordance with Article 2.1 of Appendix 1 to the Implementing Rules for the ScaleUp Programme (ESA/C/CCCX/Rules 6, attached to ESA/C(2022)208), the Delegation of {{Member_State}} hereby requests that the Agency implement the following activity, within the maximum funding authorised below:",17.67
394095e2-490e-f011-998b-6045bddd5948,pmuncakJHiU4bubhnJHp1eG1/0l2R9X5IhWmTGX/XvECmozot+7Tser9jyIGDat8TxWpETEbVMTDnH4+Bf42FA==,31/03/2025 16:11,,Commercialisation,Innovate,ScaleUp,BIC,SU1-BIC-12,BIC Latvia 2024-2028,SU1-BIC-12 BIC Latvia 2024-2028,"In accordance with Article 2.1 of Appendix 1 to the Implementing Rules for the ScaleUp Programme (ESA/C/CCCX/Rules 6, attached to ESA/C(2022)208), the Delegation of {{Member_State}} hereby requests that the Agency implement the following activity, within the maximum funding authorised below:",17.67
3b4095e2-490e-f011-998b-6045bddd5948,+DK6sU4/O39lLX4RsTgJuuMS/f68kFPW5AcO4CMtLaR+MV57MZXIQ8gsofohZxC1aVHREsJUMnfEoct6Ckr4NQ==,31/03/2025 16:11,,Commercialisation,Innovate,ScaleUp,BIC,SU1-BIC-13,BIC extension Turin 2024-2027,SU1-BIC-13 BIC extension Turin 2024-2027,"In accordance with Article 2.1 of Appendix 1 to the Implementing Rules for the ScaleUp Programme (ESA/C/CCCX/Rules 6, attached to ESA/C(2022)208), the Delegation of {{Member_State}} hereby requests that the Agency implement the following activity, within the maximum funding authorised below:",17.67
3d4095e2-490e-f011-998b-6045bddd5948,0e04ootLvb6df59naG4MrvSEeBR92SggUz1u87ntH6ltSdvnYWggRpaxG5Xp+91ez4hC8fAHM1SDF1q1jvZ2fQ==,31/03/2025 16:11,,Commercialisation,Innovate,ScaleUp,BIC,SU1-BIC-14,BIC extension Lazio,SU1-BIC-14 BIC extension Lazio,"In accordance with Article 2.1 of Appendix 1 to the Implementing Rules for the ScaleUp Programme (ESA/C/CCCX/Rules 6, attached to ESA/C(2022)208), the Delegation of {{Member_State}} hereby requests that the Agency implement the following activity, within the maximum funding authorised below:",17.67
3f4095e2-490e-f011-998b-6045bddd5948,XdOkCV3nAehzq2K8t6xgg6xaUiR1i4rv0HRvRFL2ChAfpkGCcF4qUt29T7hW6HGiGrmXC+cUVpTXy9I/8f/KFg==,31/03/2025 16:11,,Commercialisation,Innovate,ScaleUp,BIC,SU1-BIC-15,BIC Slovakia,SU1-BIC-15 BIC Slovakia,"In accordance with Article 2.1 of Appendix 1 to the Implementing Rules for the ScaleUp Programme (ESA/C/CCCX/Rules 6, attached to ESA/C(2022)208), the Delegation of {{Member_State}} hereby requests that the Agency implement the following activity, within the maximum funding authorised below:",17.67
414095e2-490e-f011-998b-6045bddd5948,ec4AW5jG2nZDdgARKyHRko41nIRNPTPCArKa5z4Y4r53eW8lba7dIEcvl8RlTPgt1KI4zEb6rtxlLa74uDLJxQ==,31/03/2025 16:11,,Commercialisation,Innovate,ScaleUp,BIC,SU1-BIC-16,BIC extension Sweden Ph 2,SU1-BIC-16 BIC extension Sweden Ph 2,"In accordance with Article 2.1 of Appendix 1 to the Implementing Rules for the ScaleUp Programme (ESA/C/CCCX/Rules 6, attached to ESA/C(2022)208), the Delegation of {{Member_State}} hereby requests that the Agency implement the following activity, within the maximum funding authorised below:",17.67
434095e2-490e-f011-998b-6045bddd5948,xUIv8VZp8kJShTjBPwWIJ/TGncVofo+FDmiVLzMFpjD7pDblAWhpbWgPqRPP3jrptR5O3OLOw0WSZ/kE0/Dcnw==,31/03/2025 16:11,,Commercialisation,Innovate,ScaleUp,BIC,SU1-BIC-17,BIC Spain Castellon (Valencia) 2024-2026,SU1-BIC-17 BIC Spain Castellon (Valencia) 2024-2026,"In accordance with Article 2.1 of Appendix 1 to the Implementing Rules for the ScaleUp Programme (ESA/C/CCCX/Rules 6, attached to ESA/C(2022)208), the Delegation of {{Member_State}} hereby requests that the Agency implement the following activity, within the maximum funding authorised below:",17.67
454095e2-490e-f011-998b-6045bddd5948,Thr/LHcNGwftdNUsXdYyhxMBqVSMwo2TXmHVRwORQ+Nyq+HzU8JDTvkaDaIk7UoxhdDT2gNMLqi2UZONbbDJMg==,31/03/2025 16:05,,Commercialisation,Innovate,ScaleUp,BIC,SU1-BIC-18,BIC Spain Andalousia (Seville) 2024-2026,SU1-BIC-18 BIC Spain Andalousia (Seville) 2024-2026,"In accordance with Article 2.1 of Appendix 1 to the Implementing Rules for the ScaleUp Programme (ESA/C/CCCX/Rules 6, attached to ESA/C(2022)208), the Delegation of {{Member_State}} hereby requests that the Agency implement the following activity, within the maximum funding authorised below:",17.67
474095e2-490e-f011-998b-6045bddd5948,Zi1nVQkMVsxkE/RyHrg+obl5ORrVGFlk++dAfB9qAZv9V/ESQa/PEGN4GPREk7o3KoUG+/cyuILm75ER/1mnpQ==,31/03/2025 16:05,,Commercialisation,Innovate,ScaleUp,BIC,SU1-BIC-19,BIC Bavaria/North/NRW 2026-2030,SU1-BIC-19 BIC Bavaria/North/NRW 2026-2030,"In accordance with Article 2.1 of Appendix 1 to the Implementing Rules for the ScaleUp Programme (ESA/C/CCCX/Rules 6, attached to ESA/C(2022)208), the Delegation of {{Member_State}} hereby requests that the Agency implement the following activity, within the maximum funding authorised below:",17.67
494095e2-490e-f011-998b-6045bddd5948,SUqULHw8SV06NilXD+B6PkZoCwE0EKrB5YGI7PiAMolpc64uJ5915nWeuq+doutWPjkaag/ypbbCEk/waFWqAw==,31/03/2025 16:05,,Commercialisation,Innovate,ScaleUp,BIC,SU1-BIC-20,BIC Hessen/Ba-Wu 2026-2029,SU1-BIC-20 BIC Hessen/Ba-Wu 2026-2029,"In accordance with Article 2.1 of Appendix 1 to the Implementing Rules for the ScaleUp Programme (ESA/C/CCCX/Rules 6, attached to ESA/C(2022)208), the Delegation of {{Member_State}} hereby requests that the Agency implement the following activity, within the maximum funding authorised below:",17.67
4b4095e2-490e-f011-998b-6045bddd5948,TOwyQ3kZrKzntvv7c78YipFSSUo0ViE7yCGW4Ssjtu7z7qy1MyRw7PpMkHCaWjT6of7lb6nDOVaTdeT0QS7+xw==,31/03/2025 16:05,,Commercialisation,Innovate,ScaleUp,BIC,SU1-BIC-21,BIC Madrid alignment and extension 2026-2027,SU1-BIC-21 BIC Madrid alignment and extension 2026-2027,"In accordance with Article 2.1 of Appendix 1 to the Implementing Rules for the ScaleUp Programme (ESA/C/CCCX/Rules 6, attached to ESA/C(2022)208), the Delegation of {{Member_State}} hereby requests that the Agency implement the following activity, within the maximum funding authorised below:",17.67
4d4095e2-490e-f011-998b-6045bddd5948,dyS0rcdn136RS4skKA0uI1aAGBD9x+kpwpWajciIlZzBWjjc+1+u9dUBE1gBAmt4vl5kVBLRojRSvSud0qXE/g==,31/03/2025 16:05,,Commercialisation,Innovate,ScaleUp,BIC,SU1-BIC-22,BIC Barcelona  alignment and extension 2026-2027,SU1-BIC-22 BIC Barcelona  alignment and extension 2026-2027,"In accordance with Article 2.1 of Appendix 1 to the Implementing Rules for the ScaleUp Programme (ESA/C/CCCX/Rules 6, attached to ESA/C(2022)208), the Delegation of {{Member_State}} hereby requests that the Agency implement the following activity, within the maximum funding authorised below:",17.67
4f4095e2-490e-f011-998b-6045bddd5948,V9D1Vrkw4zCoVSYKGNQxaaUGV7wsItPhddRkCLCukyV+BLZlYiRBzfwiDJXJlmC06i7yM54uTMR9JtZ6NpCnDQ==,31/03/2025 16:05,,Commercialisation,Innovate,ScaleUp,BIC,SU1-BIC-23,BIC Castille y Leon alignment (no extension),SU1-BIC-23 BIC Castille y Leon alignment (no extension),"In accordance with Article 2.1 of Appendix 1 to the Implementing Rules for the ScaleUp Programme (ESA/C/CCCX/Rules 6, attached to ESA/C(2022)208), the Delegation of {{Member_State}} hereby requests that the Agency implement the following activity, within the maximum funding authorised below:",17.67
514095e2-490e-f011-998b-6045bddd5948,vo+oASLOhOWGOdakpKg2xXSvKrf6lbgzIKciWwprofIjbW2yP4jVRy3EzABFsCo/kIpgbp5EMwOa68cGSdqk2A==,31/03/2025 16:05,,Commercialisation,Innovate,ScaleUp,BIC,SU1-BIC-27,BIC extension Ireland 2026-2029,SU1-BIC-27 BIC extension Ireland 2026-2029,"In accordance with Article 2.1 of Appendix 1 to the Implementing Rules for the ScaleUp Programme (ESA/C/CCCX/Rules 6, attached to ESA/C(2022)208), the Delegation of {{Member_State}} hereby requests that the Agency implement the following activity, within the maximum funding authorised below:",17.67
534095e2-490e-f011-998b-6045bddd5948,rE9wMOdL2gj4ArXQgYPXiYeSQobf/GiU6SBz9nifgVzhGzyfB+rEEvyvcsAHpuORsD2ApoQrTxga/mm8LWnnLQ==,31/03/2025 16:05,,Commercialisation,Innovate,ScaleUp,BIC,SU1-BIC-28,BIC Portugal 2025-2028,SU1-BIC-28 BIC Portugal 2025-2028,"In accordance with Article 2.1 of Appendix 1 to the Implementing Rules for the ScaleUp Programme (ESA/C/CCCX/Rules 6, attached to ESA/C(2022)208), the Delegation of {{Member_State}} hereby requests that the Agency implement the following activity, within the maximum funding authorised below:",17.67
554095e2-490e-f011-998b-6045bddd5948,wIvQbsy92wFwp2SX152tXh1d4JuQBm3rzkHJ+cF+SXiwclvSn3iLcQvWquJdG1R2IBWVJjiOhyPI9ayiUFTe0g==,31/03/2025 16:05,,Commercialisation,Innovate,ScaleUp,BIC,SU1-BIC-29,BIC Switzerland,SU1-BIC-29 BIC Switzerland,"In accordance with Article 2.1 of Appendix 1 to the Implementing Rules for the ScaleUp Programme (ESA/C/CCCX/Rules 6, attached to ESA/C(2022)208), the Delegation of {{Member_State}} hereby requests that the Agency implement the following activity, within the maximum funding authorised below:",17.67
574095e2-490e-f011-998b-6045bddd5948,CqTg6HxmkcDWv4XGLZsz34HJoolUFx0l0OH5OM5hsitpUMVVd3dc/TwEfFtdTv89w7gEvcLETcKSWpezCTGmtA==,31/03/2025 16:05,,Commercialisation,Innovate,ScaleUp,BIC,SU1-BIC-30,BIC Hungary 2026-2029,SU1-BIC-30 BIC Hungary 2026-2029,"In accordance with Article 2.1 of Appendix 1 to the Implementing Rules for the ScaleUp Programme (ESA/C/CCCX/Rules 6, attached to ESA/C(2022)208), the Delegation of {{Member_State}} hereby requests that the Agency implement the following activity, within the maximum funding authorised below:",17.67
594095e2-490e-f011-998b-6045bddd5948,Wof2bpmgsuyKATk78xz1aGweMcBUMVLAbaKBPHSuFmHxalu/DvIyn3FsOjTExMj6x/mARj23GNRhL1yF2U7lGA==,31/03/2025 16:05,,Commercialisation,Innovate,ScaleUp,BIC,SU1-BIC-31,BIC Greece 2027-2031,SU1-BIC-31 BIC Greece 2027-2031,"In accordance with Article 2.1 of Appendix 1 to the Implementing Rules for the ScaleUp Programme (ESA/C/CCCX/Rules 6, attached to ESA/C(2022)208), the Delegation of {{Member_State}} hereby requests that the Agency implement the following activity, within the maximum funding authorised below:",17.67
5b4095e2-490e-f011-998b-6045bddd5948,pC5QwNeUSmnsdTDs8m0xw8IESfbw83iJ8LViwWWyXrroV2+JqGY8S7gqivBTANxETUjC2sdWq5UHcYNXb74kkg==,31/03/2025 16:05,,Commercialisation,Innovate,ScaleUp,BIC,SU1-BIC-32,BIC Czech Republic 2026-2029,SU1-BIC-32 BIC Czech Republic 2026-2029,"In accordance with Article 2.1 of Appendix 1 to the Implementing Rules for the ScaleUp Programme (ESA/C/CCCX/Rules 6, attached to ESA/C(2022)208), the Delegation of {{Member_State}} hereby requests that the Agency implement the following activity, within the maximum funding authorised below:",17.67
5d4095e2-490e-f011-998b-6045bddd5948,wWlsO9hHMFfZ+fKufmkF1r3N7RQ60lD4ppNVJfR2xOPfLCPvX/bovuIZ1ahZX13Gjth+hdZ056yxMl15mUp0pA==,31/03/2025 16:05,,Commercialisation,Innovate,ScaleUp,BIC,SU1-BIC-33,BIC Luxembourg 2027-2030,SU1-BIC-33 BIC Luxembourg 2027-2030,"In accordance with Article 2.1 of Appendix 1 to the Implementing Rules for the ScaleUp Programme (ESA/C/CCCX/Rules 6, attached to ESA/C(2022)208), the Delegation of {{Member_State}} hereby requests that the Agency implement the following activity, within the maximum funding authorised below:",17.67
5f4095e2-490e-f011-998b-6045bddd5948,hYSduNJkMhTAb1qc5ksWvHqt3xKeUdcn+/mFtTGKQ5BP4kF5+0i6BMh0ZUCLxVlo7e5k9fblCweD2k0CHgU/cw==,31/03/2025 16:05,,Commercialisation,Innovate,ScaleUp,BIC,SU1-BIC-34,BIC Poland Boost CCN1,SU1-BIC-34 BIC Poland Boost CCN1,"In accordance with Article 2.1 of Appendix 1 to the Implementing Rules for the ScaleUp Programme (ESA/C/CCCX/Rules 6, attached to ESA/C(2022)208), the Delegation of {{Member_State}} hereby requests that the Agency implement the following activity, within the maximum funding authorised below:",17.67
614095e2-490e-f011-998b-6045bddd5948,rmOBPm5VHq2TGW/C4sVpa6+FgC0xMMQsL8lwPutgCidhPnwNogwQoHXRpXQpztHlyHmMN8GSKoDQUmKyUCIs3w==,31/03/2025 16:05,,Commercialisation,Innovate,ScaleUp,BIC,SU1-BIC-34,BIC Poland top up current contract CCN2,SU1-BIC-34 BIC Poland top up current contract CCN2,"In accordance with Article 2.1 of Appendix 1 to the Implementing Rules for the ScaleUp Programme (ESA/C/CCCX/Rules 6, attached to ESA/C(2022)208), the Delegation of {{Member_State}} hereby requests that the Agency implement the following activity, within the maximum funding authorised below:",17.67
634095e2-490e-f011-998b-6045bddd5948,7nGIGVYmVAynPLuW/9fnhXb28QPwKcB/8MD6DxW3iFJKR00rRQaqK9Fu1HUkXah6eMFjnpuDuonqlv+403XrkA==,31/03/2025 16:05,,Commercialisation,Innovate,ScaleUp,BIC,SU1-BIC-35,BIC Austria 2025-2028,SU1-BIC-35 BIC Austria 2025-2028,"In accordance with Article 2.1 of Appendix 1 to the Implementing Rules for the ScaleUp Programme (ESA/C/CCCX/Rules 6, attached to ESA/C(2022)208), the Delegation of {{Member_State}} hereby requests that the Agency implement the following activity, within the maximum funding authorised below:",17.67
654095e2-490e-f011-998b-6045bddd5948,Cn6iY3Wh2ACgrRnlvLzVx5zrkNFtVEcGarUh5W6kUZOMAL6ghrbGBAl+KRm3XATv2iI0ZL+H5mwrkDuCk2AvCA==,31/03/2025 16:05,,Commercialisation,Innovate,ScaleUp,BIC,SU1-BIC-36,BIC Greece Increase Management current contract,SU1-BIC-36 BIC Greece Increase Management current contract,"In accordance with Article 2.1 of Appendix 1 to the Implementing Rules for the ScaleUp Programme (ESA/C/CCCX/Rules 6, attached to ESA/C(2022)208), the Delegation of {{Member_State}} hereby requests that the Agency implement the following activity, within the maximum funding authorised below:",17.67
674095e2-490e-f011-998b-6045bddd5948,S7tveZAqh6DWR3yNEFJrKKOjRYr5cv8prXF+1naqrUzf1u4+IiLQgQaisEiXyTUF9mqF/NN1dIN5j+7gbq2Mlg==,31/03/2025 16:05,,Commercialisation,Invest,ScaleUp,Business Validation,SU1-BV-01,ESA Business Accelerator Germany (2024-2025),SU1-BV-01 ESA Business Accelerator Germany (2024-2025),"In accordance with Article 2.1 of Appendix 1 to the Implementing Rules for the ScaleUp Programme (ESA/C/CCCX/Rules 6, attached to ESA/C(2022)208), the Delegation of {{Member_State}} hereby requests that the Agency implement the following activity, within the maximum funding authorised below:",17.67
694095e2-490e-f011-998b-6045bddd5948,065qMoa7ldAOrXlrjuCYV7AmdkGdQMAjFTOVBw5ztr4pfuCooXwnW4JlGzmz5aVwawiI5NnR031vaXCODBuvnA==,31/03/2025 16:05,,Commercialisation,Innovate,ScaleUp,Intellectual Property,SU1-IP-01,IP Belgium 2024-2027,SU1-IP-01 IP Belgium 2024-2027,"In accordance with Article 2.1 of Appendix 1 to the Implementing Rules for the ScaleUp Programme (ESA/C/CCCX/Rules 6, attached to ESA/C(2022)208), the Delegation of {{Member_State}} hereby requests that the Agency implement the following activity, within the maximum funding authorised below:",17.67
6b4095e2-490e-f011-998b-6045bddd5948,OJt5qePwlPzL4DQGSweHootEuk1sMONCrktOirltdrW2sFNiTaN1+bzPqxbwyRDScuJVKgUy4H0lmrARD+zLzQ==,31/03/2025 16:05,,Commercialisation,Innovate,ScaleUp,Intellectual Property,SU1-IP-02,IP Luxembourg 2024-2027,SU1-IP-02 IP Luxembourg 2024-2027,"In accordance with Article 2.1 of Appendix 1 to the Implementing Rules for the ScaleUp Programme (ESA/C/CCCX/Rules 6, attached to ESA/C(2022)208), the Delegation of {{Member_State}} hereby requests that the Agency implement the following activity, within the maximum funding authorised below:",17.67
6d4095e2-490e-f011-998b-6045bddd5948,Y87ahTKEXG8yKGMHjR2NZ0noYCKmxHXRKqvEpm7cwOgnOd/knBu3jcNssAsldGdBQImnXkT4umt5DHOrzwY70g==,31/03/2025 16:05,,Commercialisation,Innovate,ScaleUp,Intellectual Property,SU1-IP-03,IP Spain 2024-2027,SU1-IP-03 IP Spain 2024-2027,"In accordance with Article 2.1 of Appendix 1 to the Implementing Rules for the ScaleUp Programme (ESA/C/CCCX/Rules 6, attached to ESA/C(2022)208), the Delegation of {{Member_State}} hereby requests that the Agency implement the following activity, within the maximum funding authorised below:",17.67
6f4095e2-490e-f011-998b-6045bddd5948,3i9lSUGVKZ9YeVCytLpLyP7+jePkOd5UZFiCfS3z00gcFF7J9IrjuvvAfnkZIhOeQkp0T3MTV3KjLDON4Fr0Ng==,31/03/2025 16:05,,Commercialisation,Innovate,ScaleUp,Intellectual Property,SU1-IP-04,IP Portugal,SU1-IP-04 IP Portugal,"In accordance with Article 2.1 of Appendix 1 to the Implementing Rules for the ScaleUp Programme (ESA/C/CCCX/Rules 6, attached to ESA/C(2022)208), the Delegation of {{Member_State}} hereby requests that the Agency implement the following activity, within the maximum funding authorised below:",17.67
714095e2-490e-f011-998b-6045bddd5948,sSbFYxbGj2boYMoj3aNKnx8Mup9GG+IsJnFOknCoI2xlpK5RizRqd01ZeB5lmVwZQn3jVinzojr8BRav2KMWWA==,31/03/2025 16:05,,Commercialisation,Innovate,ScaleUp,Prepare 4 Space,SU1-P4S-01,P4S Belgium 2024-2027,SU1-P4S-01 P4S Belgium 2024-2027,"In accordance with Article 2.1 of Appendix 1 to the Implementing Rules for the ScaleUp Programme (ESA/C/CCCX/Rules 6, attached to ESA/C(2022)208), the Delegation of {{Member_State}} hereby requests that the Agency implement the following activity, within the maximum funding authorised below:",17.67
734095e2-490e-f011-998b-6045bddd5948,woKKIYVEoXz1AWENz/+7vZ9sYlrUX426acQ3ZK5KJmzAgQNBFKT18jtYjTpzB1rLjFTTlD4/NB/gPcmrbBjNuA==,31/03/2025 16:05,,Commercialisation,Innovate,ScaleUp,Prepare 4 Space,SU1-P4S-02,P4S Austria,SU1-P4S-02 P4S Austria,"In accordance with Article 2.1 of Appendix 1 to the Implementing Rules for the ScaleUp Programme (ESA/C/CCCX/Rules 6, attached to ESA/C(2022)208), the Delegation of {{Member_State}} hereby requests that the Agency implement the following activity, within the maximum funding authorised below:",17.67
754095e2-490e-f011-998b-6045bddd5948,mXmF2FYCo7W85+yv/ZG6T3S9y8UqQIV25eRDVJFUOidbHn493F5Y2zlnslczBR67VLTzE72kZNOxxCTJNBXyhA==,31/03/2025 16:05,,Commercialisation,Innovate,ScaleUp,Prepare 4 Space,SU1-P4S-03,P4S Spain 2024-2027,SU1-P4S-03 P4S Spain 2024-2027,"In accordance with Article 2.1 of Appendix 1 to the Implementing Rules for the ScaleUp Programme (ESA/C/CCCX/Rules 6, attached to ESA/C(2022)208), the Delegation of {{Member_State}} hereby requests that the Agency implement the following activity, within the maximum funding authorised below:",17.67
774095e2-490e-f011-998b-6045bddd5948,V9/R1QxKGuq47hwXZACl8Qxi/ScSwmxfSE2hj1fN/B7LWdq8j/KtbqUmx40i12bUH1hrRYy8x33AbsEw1nSTpg==,31/03/2025 16:05,,Commercialisation,Innovate,ScaleUp,Prepare 4 Space,SU1-P4S-04,P4S UK 2024-2025,SU1-P4S-04 P4S UK 2024-2025,"In accordance with Article 2.1 of Appendix 1 to the Implementing Rules for the ScaleUp Programme (ESA/C/CCCX/Rules 6, attached to ESA/C(2022)208), the Delegation of {{Member_State}} hereby requests that the Agency implement the following activity, within the maximum funding authorised below:",17.67
794095e2-490e-f011-998b-6045bddd5948,22ytF8+pKStBqj9/QdLckY/fA0rBDnnrTTYUH/nXv/eoQ54X43ch+/sA8S3p6lQJaN127YC2syMSqbu84XhfcA==,31/03/2025 16:05,,Commercialisation,Innovate,ScaleUp,Prepare 4 Space,SU1-P4S-05,P4S Portugal,SU1-P4S-05 P4S Portugal,"In accordance with Article 2.1 of Appendix 1 to the Implementing Rules for the ScaleUp Programme (ESA/C/CCCX/Rules 6, attached to ESA/C(2022)208), the Delegation of {{Member_State}} hereby requests that the Agency implement the following activity, within the maximum funding authorised below:",17.67
7b4095e2-490e-f011-998b-6045bddd5948,zTqnLWUHdJRq1Hn89Qg62O40Cjau52kqeIYWkMU0B2yMSqIt8WUFlZfYyEdye1wVMU0iKKn3mNHAp/mhlbi1sw==,31/03/2025 16:05,,Commercialisation,Innovate,ScaleUp,PhiLabs,SU1-PHI-01,PHINet Austria 2024-2027,SU1-PHI-01 PHINet Austria 2024-2027,"In accordance with Article 2.1 of Appendix 1 to the Implementing Rules for the ScaleUp Programme (ESA/C/CCCX/Rules 6, attached to ESA/C(2022)208), the Delegation of {{Member_State}} hereby requests that the Agency implement the following activity, within the maximum funding authorised below:",17.67
7d4095e2-490e-f011-998b-6045bddd5948,IfWDKd7CPcuO8zjuFUXYr6FtyRtl0l7rPrKoGjK6UTkvGe6QXUY0FCWtMQvq39xDG0LSH2AIoq5pVODzfK6xEQ==,31/03/2025 16:05,,Commercialisation,Innovate,ScaleUp,PhiLabs,SU1-PHI-02,PHINet Switzerland,SU1-PHI-02 PHINet Switzerland,"In accordance with Article 2.1 of Appendix 1 to the Implementing Rules for the ScaleUp Programme (ESA/C/CCCX/Rules 6, attached to ESA/C(2022)208), the Delegation of {{Member_State}} hereby requests that the Agency implement the following activity, within the maximum funding authorised below:",17.67
7f4095e2-490e-f011-998b-6045bddd5948,vgdPSJL5DbET4bDY+dV1GmtT2Mpcz1ldIahqQ28VpcsKYg0A5+9VdvPye+An7Vzd/ePGygo1M11d6lQ526KsxQ==,31/03/2025 16:05,,Commercialisation,Innovate,ScaleUp,PhiLabs,SU1-PHI-03,PHINet Germany,,"In accordance with Article 2.1 of Appendix 1 to the Implementing Rules for the ScaleUp Programme (ESA/C/CCCX/Rules 6, attached to ESA/C(2022)208), the Delegation of {{Member_State}} hereby requests that the Agency implement the following activity, within the maximum funding authorised below:",17.67
814095e2-490e-f011-998b-6045bddd5948,zyd4c9yuAotT1KjmeZfU80msPxb7n8AmSUiWrp3Y7/fBx9j/KJhzc34wijGAhZqpIi0zvnyPW7vrr34ptgA0/Q==,31/03/2025 16:05,,Commercialisation,Innovate,ScaleUp,PhiLabs,SU1-PHI-04,PHINet Spain,SU1-PHI-04 PHINet Spain,"In accordance with Article 2.1 of Appendix 1 to the Implementing Rules for the ScaleUp Programme (ESA/C/CCCX/Rules 6, attached to ESA/C(2022)208), the Delegation of {{Member_State}} hereby requests that the Agency implement the following activity, within the maximum funding authorised below:",17.67
834095e2-490e-f011-998b-6045bddd5948,BWh4bMOHv3o4IThqLPGzgitlwGeDUWJGmJBDxQKpRTSSU9zqKk8ekLbcrL18AcH9aaLXaf2dF88li6maEhFSQg==,31/03/2025 16:05,,Commercialisation,Innovate,ScaleUp,PhiLabs,SU1-PHI-05,PHINet Finland 2024-2027,SU1-PHI-05 PHINet Finland 2024-2027,"In accordance with Article 2.1 of Appendix 1 to the Implementing Rules for the ScaleUp Programme (ESA/C/CCCX/Rules 6, attached to ESA/C(2022)208), the Delegation of {{Member_State}} hereby requests that the Agency implement the following activity, within the maximum funding authorised below:",17.67
854095e2-490e-f011-998b-6045bddd5948,ZmQtKUy6oK8x4Xbj1bgg1adhRqjr6g+YA66WpGzNJrCJ67abkLB0Vwfu6FDBW1QbqSLf+D5cbfWINc0LbkmEVg==,31/03/2025 16:05,,Commercialisation,Innovate,ScaleUp,PhiLabs,SU1-PHI-06,PHINet Ireland,SU1-PHI-06 PHINet Ireland,"In accordance with Article 2.1 of Appendix 1 to the Implementing Rules for the ScaleUp Programme (ESA/C/CCCX/Rules 6, attached to ESA/C(2022)208), the Delegation of {{Member_State}} hereby requests that the Agency implement the following activity, within the maximum funding authorised below:",17.67
874095e2-490e-f011-998b-6045bddd5948,DYgbZvOdBzkI/xqsypiQbM73WjUIc0vuWJEuFzVZ2aZiSK6PauNxJxSM+Naf2PH82gBrBmZwXYLwxndDttYGkg==,31/03/2025 16:05,,Commercialisation,Innovate,ScaleUp,PhiLabs,SU1-PHI-07,PHINet Netherlands,SU1-PHI-07 PHINet Netherlands,"In accordance with Article 2.1 of Appendix 1 to the Implementing Rules for the ScaleUp Programme (ESA/C/CCCX/Rules 6, attached to ESA/C(2022)208), the Delegation of {{Member_State}} hereby requests that the Agency implement the following activity, within the maximum funding authorised below:",17.67
894095e2-490e-f011-998b-6045bddd5948,I6MjYhaqRbF5yOi2rMrO+eNP50FCW63HmFPWCAcNgx/SC8c+rjIcsUtCIyKT0TDb9C/ZA5N/codmbttXeeHqRA==,31/03/2025 16:05,,Commercialisation,Innovate,ScaleUp,PhiLabs,SU1-PHI-08,PHINet Norway 2024-2027,SU1-PHI-08 PHINet Norway 2024-2027,"In accordance with Article 2.1 of Appendix 1 to the Implementing Rules for the ScaleUp Programme (ESA/C/CCCX/Rules 6, attached to ESA/C(2022)208), the Delegation of {{Member_State}} hereby requests that the Agency implement the following activity, within the maximum funding authorised below:",17.67
8b4095e2-490e-f011-998b-6045bddd5948,dcuRF/f2NYSX+/Oo9mPd03GtQbtlaZ8bwhfe0AQUdY/iZq5mN7MAa5aYs4O+/j+ygM8tXSFJIz/C81B9fHzj7w==,31/03/2025 16:05,,Commercialisation,Innovate,ScaleUp,PhiLabs,SU1-PHI-09,PHINet Sweden 2024-2027,SU1-PHI-09 PHINet Sweden 2024-2027,"In accordance with Article 2.1 of Appendix 1 to the Implementing Rules for the ScaleUp Programme (ESA/C/CCCX/Rules 6, attached to ESA/C(2022)208), the Delegation of {{Member_State}} hereby requests that the Agency implement the following activity, within the maximum funding authorised below:",17.67
8d4095e2-490e-f011-998b-6045bddd5948,WE53y5n9pq1O+7CexWQwgTzisbapu1zMKo+4ohNSiRdGtLazdl1g0BsUrro5p4L4Knh3yTEC4YDiCtrp7Xv6Ew==,31/03/2025 16:05,,Commercialisation,Innovate,ScaleUp,PhiLabs,SU1-PHI-10,PHINet UK,SU1-PHI-10 PHINet UK,"In accordance with Article 2.1 of Appendix 1 to the Implementing Rules for the ScaleUp Programme (ESA/C/CCCX/Rules 6, attached to ESA/C(2022)208), the Delegation of {{Member_State}} hereby requests that the Agency implement the following activity, within the maximum funding authorised below:",17.67
8f4095e2-490e-f011-998b-6045bddd5948,fbyX0QzlLf+zSTAz7k2DNiizeSjbonBZRP4fVqZMHnVn/ZoVCwBUSwHiMfSeuDQPJTZcrSWvJuAMRR8XHh+jgg==,31/03/2025 16:05,,Commercialisation,Innovate,ScaleUp,PhiLabs,SU1-PHI-11,PHINet France,SU1-PHI-11 PHINet France,"In accordance with Article 2.1 of Appendix 1 to the Implementing Rules for the ScaleUp Programme (ESA/C/CCCX/Rules 6, attached to ESA/C(2022)208), the Delegation of {{Member_State}} hereby requests that the Agency implement the following activity, within the maximum funding authorised below:",17.67
914095e2-490e-f011-998b-6045bddd5948,MxfHn1QN5ZNRRtG0RxYwadgyb0E6Tktz92NnlMUDCv9gAykHo5UcnAve5ZJduKUs/WSVlCZJivZ9+Mp/lVFSkQ==,31/03/2025 16:05,,Commercialisation,Innovate,ScaleUp,PhiLabs,SU1-PHI-12,PHINet Poland,SU1-PHI-12 PHINet Poland,"In accordance with Article 2.1 of Appendix 1 to the Implementing Rules for the ScaleUp Programme (ESA/C/CCCX/Rules 6, attached to ESA/C(2022)208), the Delegation of {{Member_State}} hereby requests that the Agency implement the following activity, within the maximum funding authorised below:",17.67
934095e2-490e-f011-998b-6045bddd5948,6J3UNpZVy334zLYCWinofV3mA9fzAO/AQT/CG7zimL6x/t7Xf0WlGnYOfdn8putJeE/6+Y/mSh7CF7MpKLuFkw==,31/03/2025 16:05,,Commercialisation,Innovate,ScaleUp,PhiLabs,SU1-PHI-13,PHINet Switzerland top-up,SU1-PHI-13 PHINet Switzerland top-up,"In accordance with Article 2.1 of Appendix 1 to the Implementing Rules for the ScaleUp Programme (ESA/C/CCCX/Rules 6, attached to ESA/C(2022)208), the Delegation of {{Member_State}} hereby requests that the Agency implement the following activity, within the maximum funding authorised below:",17.67
954095e2-490e-f011-998b-6045bddd5948,Lusn2UiH3k+cYO8R5+UGYUZtxV7XaErvE3A923o+xg7tPW/ztSHaBbSto/+2HpUcVsNFExOlUkDMUiFe/vUzSg==,31/03/2025 16:05,,Commercialisation,Innovate,ScaleUp,TT,SU1-TT-01,TT Austria 2024-2027,SU1-TT-01 TT Austria 2024-2027,"In accordance with Article 2.1 of Appendix 1 to the Implementing Rules for the ScaleUp Programme (ESA/C/CCCX/Rules 6, attached to ESA/C(2022)208), the Delegation of {{Member_State}} hereby requests that the Agency implement the following activity, within the maximum funding authorised below:",17.67
974095e2-490e-f011-998b-6045bddd5948,4xFKVsh+bShkGl/X4v+aDdE2jIOipwYBECBC1jK3w20lY/rCrQ9ZXBZG/99bBLz/MVhxLdQldK28AaPUD0tMZg==,31/03/2025 16:05,,Commercialisation,Innovate,ScaleUp,TT,SU1-TT-02,TT Belgium 2024-2027,SU1-TT-02 TT Belgium 2024-2027,"In accordance with Article 2.1 of Appendix 1 to the Implementing Rules for the ScaleUp Programme (ESA/C/CCCX/Rules 6, attached to ESA/C(2022)208), the Delegation of {{Member_State}} hereby requests that the Agency implement the following activity, within the maximum funding authorised below:",17.67
994095e2-490e-f011-998b-6045bddd5948,9N0oXQdIhy5be3URZPM9kIqsivHqC7kKChGytra4NppSkT8yzpz3rgIpHpJ6CFHPdzzO991FR+ju/TpI//FDqg==,31/03/2025 16:05,,Commercialisation,Innovate,ScaleUp,TT,SU1-TT-03,TT Czech Republic (CCN),SU1-TT-03 TT Czech Republic (CCN),"In accordance with Article 2.1 of Appendix 1 to the Implementing Rules for the ScaleUp Programme (ESA/C/CCCX/Rules 6, attached to ESA/C(2022)208), the Delegation of {{Member_State}} hereby requests that the Agency implement the following activity, within the maximum funding authorised below:",17.67
9b4095e2-490e-f011-998b-6045bddd5948,NlgtR61nBMDRJxLkkZVJDczHuW6xSwEsdJaSHPunx5m0o6y3ldSF82gijpzt/Oim9NEuRTKxqUKCb5t7cg+www==,31/03/2025 16:05,,Commercialisation,Innovate,ScaleUp,TT,SU1-TT-04,TT Luxembourg 2024-2027,SU1-TT-04 TT Luxembourg 2024-2027,"In accordance with Article 2.1 of Appendix 1 to the Implementing Rules for the ScaleUp Programme (ESA/C/CCCX/Rules 6, attached to ESA/C(2022)208), the Delegation of {{Member_State}} hereby requests that the Agency implement the following activity, within the maximum funding authorised below:",17.67
9d4095e2-490e-f011-998b-6045bddd5948,As68qRpKqt2Yi60/vfgjAOHrMDKwbNkQLKZd0h3BnWLQ1EwKALkgk1Sfv9xXXK1IKzdrFHQhjbSIcyjmSk2ZOw==,31/03/2025 16:05,,Commercialisation,Innovate,ScaleUp,TT,SU1-TT-05,TT Poland (CCN),SU1-TT-05 TT Poland (CCN),"In accordance with Article 2.1 of Appendix 1 to the Implementing Rules for the ScaleUp Programme (ESA/C/CCCX/Rules 6, attached to ESA/C(2022)208), the Delegation of {{Member_State}} hereby requests that the Agency implement the following activity, within the maximum funding authorised below:",17.67
9f4095e2-490e-f011-998b-6045bddd5948,p1tC3l6uaOq6gW0lnmqZ+s8XhDaSzmGJEXlgDHQrTEtqGL4ybjNmXJzwzbBLlkNMLIK9ZDCtLMdGWYEtkxcQeQ==,31/03/2025 16:05,,Commercialisation,Innovate,ScaleUp,TT,SU1-TT-06,TT Italy 2024-2027,SU1-TT-06 TT Italy 2024-2027,"In accordance with Article 2.1 of Appendix 1 to the Implementing Rules for the ScaleUp Programme (ESA/C/CCCX/Rules 6, attached to ESA/C(2022)208), the Delegation of {{Member_State}} hereby requests that the Agency implement the following activity, within the maximum funding authorised below:",17.67
a14095e2-490e-f011-998b-6045bddd5948,NxjXpEBR5l6VOC0XFRm1NbiHQz0EKmSK+cBCpUP3gzx4h5Fn/g8yNobb5yWAz718+/XR3kazlZFYnmhbIeFRNA==,31/03/2025 16:05,,Commercialisation,Innovate,ScaleUp,TT,SU1-TT-07,TT Spain 2024-2027,SU1-TT-07 TT Spain 2024-2027,"In accordance with Article 2.1 of Appendix 1 to the Implementing Rules for the ScaleUp Programme (ESA/C/CCCX/Rules 6, attached to ESA/C(2022)208), the Delegation of {{Member_State}} hereby requests that the Agency implement the following activity, within the maximum funding authorised below:",17.67
a34095e2-490e-f011-998b-6045bddd5948,31oV27h2MWWFUD+FZmSjsJlGQA/CeozJL3GwSmRaO/b2e3kjAk3sxFd9c+bImeiuDsfXngLbi4hBVDleR8Nrwg==,31/03/2025 16:05,,Commercialisation,Innovate,ScaleUp,TT,SU1-TT-08,TT UK 2024-2025,SU1-TT-08 TT UK 2024-2025,"In accordance with Article 2.1 of Appendix 1 to the Implementing Rules for the ScaleUp Programme (ESA/C/CCCX/Rules 6, attached to ESA/C(2022)208), the Delegation of {{Member_State}} hereby requests that the Agency implement the following activity, within the maximum funding authorised below:",17.67
a54095e2-490e-f011-998b-6045bddd5948,jtOZEOWXrhSiAfh8/xObh8THU+HFmuBlpkNr5q+Xa+e5bIeE/SnAdeEzjKsSZCTXwksBg+ZBMVqiEQoHzqGERQ==,31/03/2025 16:05,,Commercialisation,Innovate,ScaleUp,TT,SU1-TT-09,TT Germany (CCN),SU1-TT-09 TT Germany (CCN),"In accordance with Article 2.1 of Appendix 1 to the Implementing Rules for the ScaleUp Programme (ESA/C/CCCX/Rules 6, attached to ESA/C(2022)208), the Delegation of {{Member_State}} hereby requests that the Agency implement the following activity, within the maximum funding authorised below:",17.67
a74095e2-490e-f011-998b-6045bddd5948,EmrHY8Is3EieYdFlbVHQLzPPO+Bqb28wSJDlTQs1mLzruxygo2OkrsXiTmDQNQrNFBLWFm6PMdE1mxXzEh7ncw==,31/03/2025 16:05,,Commercialisation,Innovate,ScaleUp,TT,SU1-TT-10,TT Netherlands,SU1-TT-10 TT Netherlands,"In accordance with Article 2.1 of Appendix 1 to the Implementing Rules for the ScaleUp Programme (ESA/C/CCCX/Rules 6, attached to ESA/C(2022)208), the Delegation of {{Member_State}} hereby requests that the Agency implement the following activity, within the maximum funding authorised below:",17.67
a94095e2-490e-f011-998b-6045bddd5948,S5DqI9EAKqAF3lHUiPV6uMwKbTg7YJiZ2yhfGcW9AsWZRPCwr23i/5bLUujXFMYLWb6M+pMC9QyEbMXOsMm+oA==,31/03/2025 16:05,,Commercialisation,Innovate,ScaleUp,TT,SU1-TT-10A,TT Netherlands-Spark,SU1-TT-10A TT Netherlands-Spark,"In accordance with Article 2.1 of Appendix 1 to the Implementing Rules for the ScaleUp Programme (ESA/C/CCCX/Rules 6, attached to ESA/C(2022)208), the Delegation of {{Member_State}} hereby requests that the Agency implement the following activity, within the maximum funding authorised below:",17.67
ab4095e2-490e-f011-998b-6045bddd5948,06R45ySuZC0YwPFleM07yb7LhHVS6FlPL6YKREK8ftFvnxA6VIt5kZQPVarFGW2PsoBuEDhDVBoRsG0urb6pyQ==,31/03/2025 16:05,,Commercialisation,Innovate,ScaleUp,TT,SU1-TT-11,TT Portugal,SU1-TT-11 TT Portugal,"In accordance with Article 2.1 of Appendix 1 to the Implementing Rules for the ScaleUp Programme (ESA/C/CCCX/Rules 6, attached to ESA/C(2022)208), the Delegation of {{Member_State}} hereby requests that the Agency implement the following activity, within the maximum funding authorised below:",17.67
ad4095e2-490e-f011-998b-6045bddd5948,ZNpwPhd7PmCxACYqP6b6tkMOnBR72xxDMTHNPa+Mcj1ySXAeW4QsbeUzjhbYk2OKYHL7VN5zs1avtlzK4MUXGg==,31/03/2025 16:05,,Commercialisation,Innovate,ScaleUp,TT,SU1-TT-12,TT Germany 2026 -2029,SU1-TT-12 TT Germany 2026 -2029,"In accordance with Article 2.1 of Appendix 1 to the Implementing Rules for the ScaleUp Programme (ESA/C/CCCX/Rules 6, attached to ESA/C(2022)208), the Delegation of {{Member_State}} hereby requests that the Agency implement the following activity, within the maximum funding authorised below:",17.67
af4095e2-490e-f011-998b-6045bddd5948,2z7VqIEtPwA9L7hsJ3/0vZuoKwHyRLZqe7QFia5Xk91Uv1lQD23FHZAGMIFIg1+RXhhFq7ZJX3JEzl4fDWjhmA==,31/03/2025 16:05,,Commercialisation,Innovate,ScaleUp,TT,SU1-TT-13,TT Denmark,SU1-TT-13 TT Denmark,"In accordance with Article 2.1 of Appendix 1 to the Implementing Rules for the ScaleUp Programme (ESA/C/CCCX/Rules 6, attached to ESA/C(2022)208), the Delegation of {{Member_State}} hereby requests that the Agency implement the following activity, within the maximum funding authorised below:",17.67
b14095e2-490e-f011-998b-6045bddd5948,YydnFOg7hVVXTUul/WaMrw04EfpRCEEdIZv2aHDa3uC89WbC7zEmm6hJjy4sj0aiDdjALJ/J6QSuzK8/z2XhMA==,31/03/2025 16:05,,Commercialisation,Innovate,ScaleUp,TT,SU1-TT-13,TT Poland additional task,SU1-TT-13 TT Poland additional task,"In accordance with Article 2.1 of Appendix 1 to the Implementing Rules for the ScaleUp Programme (ESA/C/CCCX/Rules 6, attached to ESA/C(2022)208), the Delegation of {{Member_State}} hereby requests that the Agency implement the following activity, within the maximum funding authorised below:",17.67
b34095e2-490e-f011-998b-6045bddd5948,j0tduAmCZ1sPkudTBZPV9sQgABF66rBc/ou7g8L1A30u1gS6fnVrirWW9suEn5sGiLsNyXPcOEVAGXRSzFj/bw==,31/03/2025 16:05,,domain,programme,element,component,code,activity name,descr,"In accordance with Article 2.1 of Appendix 1 to the Implementing Rules for the ScaleUp Programme (ESA/C/CCCX/Rules 6, attached to ESA/C(2022)208), the Delegation of {{Member_State}} hereby requests that the Agency implement the following activity, within the maximum funding authorised below:",17.67
